{
  "average_mAP": 0.00010537431723260703,
  "mAP@0.2": 0.0005245205268832618,
  "mAP@0.4": 2.316458323091472e-06,
  "mAP@0.5": 3.46009566818513e-08,
  "mAP@0.6": 0.0,
  "mAP@0.7": 0.0
}